{
  "overall_accuracy": 0.6437816229145672,
  "total_samples": 11215957,
  "client_results": {
    "0": {
      "samples": 2112138,
      "accuracy": 0.6716166273226465
    },
    "1": {
      "samples": 2112138,
      "accuracy": 0.6717198402755881
    },
    "2": {
      "samples": 1232648,
      "accuracy": 0.590564378476256
    },
    "3": {
      "samples": 1232648,
      "accuracy": 0.5897628520064122
    },
    "4": {
      "samples": 1672393,
      "accuracy": 0.641671544906012
    },
    "5": {
      "samples": 1672393,
      "accuracy": 0.6414114385793291
    },
    "6": {
      "samples": 590799,
      "accuracy": 0.6631815558252468
    },
    "7": {
      "samples": 590800,
      "accuracy": 0.661409952606635
    }
  },
  "classification_report": {
    "DDoS": {
      "precision": 0.775092378265974,
      "recall": 0.6797858119213163,
      "f1-score": 0.7243174105259359,
      "support": 7706498.0
    },
    "DoS": {
      "precision": 0.420357300344991,
      "recall": 0.5387061358112255,
      "f1-score": 0.47222956979042585,
      "support": 3309049.0
    },
    "Normal": {
      "precision": 0.9676724137931034,
      "recall": 0.554320987654321,
      "f1-score": 0.7048665620094191,
      "support": 810.0
    },
    "Reconnaissance": {
      "precision": 0.9207857050225096,
      "recall": 0.9960170340681362,
      "f1-score": 0.956925017087517,
      "support": 199600.0
    },
    "accuracy": 0.6437816229145672,
    "macro avg": {
      "precision": 0.7709769493566445,
      "recall": 0.6922074923637498,
      "f1-score": 0.7145846398533244,
      "support": 11215957.0
    },
    "weighted avg": {
      "precision": 0.6730414006267079,
      "recall": 0.6437816229145672,
      "f1-score": 0.6540819153100034,
      "support": 11215957.0
    }
  }
}